"ISIC3","US-SIC","ISIC-partial","USSIC_partial","Description"
"0111","0111","*",,
"0111","0112","*",,
"0111","0115","*",,
"0111","0116","*",,
"0111","0119","*",,
"0111","0131","*",,
"0111","0132","*",,
"0111","0133","*",,
"0111","0134","*",,
"0111","0139","*","*","except tea and mate"
"0111","0173","*","*","Nuts used chiefly for oil extraction including tung nuts"
"0111","0182","*","*","Herbs and ginseng"
"0111","0191","*","*","Combinations of crops of ISIC 0111"
"0111","0831","*","*","Natural rubber latex"
"0112","0161","*",,
"0112","0179","*","*","Olives"
"0112","0181","*",,
"0112","0182","*","*","except: herbs, ginseng, fruit and seaweed"
"0112","0831","*","*","Production of maple sugar and syrup; and gathering of wild mushrooms"
"0113","0139","*","*","Tea and mate"
"0113","0171","*",,
"0113","0172","*",,
"0113","0173","*","*","except nuts used chiefly for oil including tung nuts"
"0113","0174","*",,
"0113","0175","*",,
"0113","0179","*","*","except olives"
"0121","0211","*",,
"0121","0212","*",,
"0121","0214","*",,
"0121","0241","*",,
"0121","0272","*",,
"0122","0213","*",,
"0122","0251","*",,
"0122","0252","*",,
"0122","0253","*",,
"0122","0254","*",,
"0122","0259","*",,
"0122","0271","*",,
"0122","0279","*",,
"0122","0291","*","*","Combinations of animals of ISIC 0122"
"0140","0711","*",,
"0140","0721","*",,
"0140","0722","*",,
"0140","0723","*","*","except custom grain grinding"
"0140","0724","*",,
"0140","0751","*","*","except custom slaughtering and vaccinating"
"0140","0752","*","*","except vaccinating"
"0140","0761","*",,
"0140","0781","*","*","except landscape architects"
"0140","0782","*",,
"0140","0783","*",,
"0140","0971","*","*","Destroying or trapping vermin (farm service)"
"0140","4971","*",,
"0140","8999","*","*","Aerial cloud seeding"
"0150","0919","*","*","Catching frogs in the wild"
"0150","0971","*","*","except trapping and destroying of vermin (farm service)"
"0200","0811","*",,
"0200","0831","*","*","except natural rubber latex and maple sugar and syrup"
"0200","0851","*",,
"0200","2411","*","*","except wood chips produced in the field"
"0200","4212","*","*","Off-highway log hauling"
"0200","4449","*","*","Log rafting"
"0500","0182","*","*","Seaweed"
"0500","0273","*",,
"0500","0912","*",,
"0500","0913","*",,
"0500","0919","*","*","except catching frogs in the wild"
"0500","0921","*",,
"0500","9512","*","*","Fishery consulting"
"1010","1221","*","*","Bituminous coal"
"1010","1222","*",,
"1010","1231","*",,
"1010","1241","*","*","Anthracite coal recovery from culm banks"
"1010","1311","*","*","Gasifying, liquefying, and pyrolysising coal"
"1010","2999","*","*","Hard-coal fuel briquettes"
"1020","1221","*","*","Lignite"
"1020","2999","*","*","Lignite fuel briquettes"
"1030","1499",,"*","Peat"
"1110","1311","*","*","except gasifying, liquefying, and pyrolysising coal"
"1110","1321","*",,
"1120","1381","*",,
"1120","1389","*",,
"1120","7389","*","*","Firefighting service"
"1200","1094","*","*","Uranium and radium"
"1200","1099","*","*","Thorium and monazite"
"1310","1011",,,
"1320","1021","*",,
"1320","1031","*",,
"1320","1041","*",,
"1320","1044","*",,
"1320","1061","*",,
"1320","1094","*","*","Vanadium"
"1320","1099","*","*","except thorium and monazite"
"1410","1411","*","*","except mica schist"
"1410","1422","*","*","except marl"
"1410","1423","*",,
"1410","1429","*","*","except mica schist"
"1410","1442","*",,
"1410","1446","*",,
"1410","1455","*",,
"1410","1459","*","*","Ceramic and refractory clays including bentonite"
"1410","1499","*","*","Other including alabaster, anhydrite, gypsum, pulpstone, millstone, and grindstone"
"1421","1422","*","*","Marl"
"1421","1474","*",,
"1421","1475","*",,
"1421","1479","*","*","except salt"
"1422","1479",,"*","Salt"
"1429","1411","*","*","Dimension mica schist"
"1429","1429","*","*","Mica schist"
"1429","1459","*","*","except ceramic and refractory clays including bentonite"
"1429","1499","*","*","except: peat, alabaster, anhydrite, gypsum, pulpstone, millstone, and grindstone"
"1511","0751","*","*","Custom slaughtering"
"1511","2011","*",,
"1511","2013","*",,
"1511","2015","*","*","except egg drying, freezing, and breaking"
"1511","2048","*","*","Slaughtering animals not for human consumption"
"1511","2077","*","*","Meat meal and bone meal not prepared as feed"
"1512","2077","*","*","Fish meal"
"1512","2091","*","*","except: soups, chowders, stews, and broths"
"1512","2092","*","*","except: soups, chowders, stews, and broths"
"1513","2032","*","*","Canned specialties based on fruits or vegetables including baked beans, bean sprouts, Chinese food, and mincemeat"
"1513","2033","*","*","except catsup and similar tomato sauces"
"1513","2034","*","*","except soup mixes and flour and meal of dried leguminous vegetables"
"1513","2035","*","*","Pickled fruits and vegetables"
"1513","2037","*",,
"1513","2038","*","*","Frozen specialties based on fruits or vegetables"
"1513","2087","*","*","Crushed fruit, fruit juice extracts, and concentrates"
"1513","2096","*","*","Potato chips and similar potato snacks"
"1513","2099","*","*","Fresh fruit and vegetable preparations including apple cider and cole slaw"
"1514","2074","*",,
"1514","2075","*",,
"1514","2076","*",,
"1514","2077","*","*","except meat, bone, and fish meals"
"1514","2079","*",,
"1520","2021","*",,
"1520","2022","*","*","except imitation or substitute cheese products"
"1520","2023","*","*","except: baby formula, artificial cream, and cream substitutes"
"1520","2024","*",,
"1520","2026","*",,
"1520","2099","*","*","Renovated and processed butter"
"1531","0723","*","*","Custom grinding grain"
"1531","2034","*","*","Flour and meal of dried leguminous vegetables"
"1531","2041","*",,
"1531","2043","*","*","except coffee substitutes made from cereal grains"
"1531","2044","*",,
"1531","2045","*",,
"1532","2046",,,
"1533","2047","*",,
"1533","2048","*","*","except slaughtering animals not for human consumption"
"1541","2038","*","*","French toast, waffles, and pancakes"
"1541","2051","*",,
"1541","2052","*",,
"1541","2053","*",,
"1541","5461","*","*","Integrated manufacture and sale at retail of bakery products including doughnut shops"
"1542","2061","*",,
"1542","2062","*",,
"1542","2063","*",,
"1542","2099","*","*","Sugars and molasses processed and prepared from purchased beet or cane refined sugar; other sugars and syrups including maple"
"1543","2064","*",,
"1543","2066","*",,
"1543","2067","*",,
"1543","2099","*","*","Marshmallow creme"
"1543","5441","*","*","Integrated manufacture and sale at retail of confectionery"
"1544","2032","*","*","Prepared pasta products"
"1544","2038","*","*","Prepared pasta products"
"1544","2099","*","*","Fried noodles"
"1549","2015","*","*","Egg drying, freezing, and breaking"
"1549","2022","*","*","Imitation or substitute cheese products"
"1549","2023","*","*","Baby formula and dairy product substitutes"
"1549","2032","*","*","Soups, meats, baby and infant foods, and other prepared foods"
"1549","2033","*","*","Catsup and similar tomato sauces"
"1549","2034","*","*","Soup and soup mixes"
"1549","2035","*","*","except pickled fruit and vegetables"
"1549","2038","*","*","Other frozen specialties including dinners, pizza, soups, pot pies, and whipped topping"
"1549","2043","*","*","Coffee substitutes made from cereal grains"
"1549","2068","*",,
"1549","2082","*","*","Malt extracts and syrups"
"1549","2087","*","*","except crushed fruit and fruit juice extracts and concentrates"
"1549","2091","*","*","Soups, chowders, stews, and clam broths"
"1549","2092","*","*","Soups, chowders, stews, and clam broths"
"1549","2095","*",,
"1549","2096","*","*","except potato snacks"
"1549","2097","*",,
"1549","2099","*","*","except: fresh fruit and vegetable preparations, renovated and processed butter, maple sugar and syrup, other prepared or processed sugars, marshmallow creme, and fried noodles"
"1551","2084","*","*","Brandy including neutral brandy and fruit spirits"
"1551","2085","*",,
"1551","2869","*","*","Grain, ethyl, and denatured alcohol"
"1552","2084",,"*","Wines"
"1553","2082","*","*","except malt extracts and syrups"
"1553","2083","*",,
"1554","2086",,,
"1600","2111","*",,
"1600","2121","*",,
"1600","2131","*",,
"1600","2141","*",,
"1711","2211","*",,
"1711","2221","*",,
"1711","2231","*","*","Weaving of fabric"
"1711","2281","*",,
"1711","2282","*",,
"1711","2284","*",,
"1711","2299","*","*","Processing of fibers other than cotton, manmade, silk, and wool; and further production of yarns and fabric"
"1711","3999","*","*","Processing coarse animal hair"
"1712","2231","*","*","Finishing other than of narrow-woven fabrics"
"1712","2261","*",,
"1712","2262","*",,
"1712","2269","*","*","except flock printing of narrow fabrics other than wool"
"1721","2391","*",,
"1721","2392","*","*","except mops and all non-textile articles"
"1721","2393","*",,
"1721","2394","*",,
"1721","2395","*","*","Embroidering, needling, quilting, ruffling, pleating, or stitching textile articles"
"1721","2396","*","*","Linings other than apparel, automobile trimmings, and printing on textile articles"
"1721","2399","*","*","Other made-up textile articles including sleeping bags, flags, hammocks, parachutes, tire covers, banners, pennants, and seat covers"
"1721","2591","*","*","Textile window shades and window blinds other than canvas"
"1721","3842","*","*","Surgical drapes"
"1722","2273","*",,
"1722","7389","*","*","Rug binding"
"1723","2298","*",,
"1723","2399","*","*","Launderers', dryers', and fishing nets"
"1729","2231","*","*","Finishing narrow woven fabrics"
"1729","2241","*",,
"1729","2258","*","*","Lace and lace products including finishing"
"1729","2269","*","*","Flock printing of narrow fabrics except wool"
"1729","2295","*",,
"1729","2296","*",,
"1729","2297","*",,
"1729","2299","*","*","except processed fibers and fabrics other than cotton, man-made, and wool; also except recycling"
"1729","2395","*","*","Burnt-out lace"
"1729","2396","*","*","except linings, automobile and apparel trimmings, and printing on textile articles"
"1729","2397","*",,
"1729","2399","*","*","Other including badges, emblems, and other insignia; and textile welts"
"1729","2672","*","*","Pressure-sensitive cloth tape"
"1729","3053","*","*","Textile"
"1729","3482","*","*","Wads"
"1729","3569","*","*","Fire hose other than rubber"
"1729","3648","*","*","Incandescent mantles"
"1729","3952","*","*","Tracing cloth and artists' canvas boards"
"1730","2251","*",,
"1730","2252","*",,
"1730","2253","*","*","except finishing"
"1730","2254","*","*","except finishing"
"1730","2257","*",,
"1730","2258","*","*","Warp knit fabric"
"1730","2259","*","*","except finishing gloves and mittens"
"1810","2253","*","*","Finishing knit outerwear"
"1810","2254","*","*","Finishing knit underwear"
"1810","2259","*","*","Finishing gloves and mittens"
"1810","2311","*",,
"1810","2321","*",,
"1810","2322","*",,
"1810","2323","*",,
"1810","2325","*",,
"1810","2326","*",,
"1810","2329","*",,
"1810","2331","*",,
"1810","2335","*",,
"1810","2337","*","*","except artificial fur coats"
"1810","2339","*",,
"1810","2341","*",,
"1810","2342","*",,
"1810","2353","*",,
"1810","2361","*",,
"1810","2369","*",,
"1810","2371","*","*","Headgear"
"1810","2381","*",,
"1810","2384","*",,
"1810","2385","*","*","except heat-sealed plastics rainwear"
"1810","2386","*",,
"1810","2387","*",,
"1810","2389","*",,
"1810","2395","*","*","Pleating, stitching, embroidering, and other needlework on clothing"
"1810","2396","*","*","Apparel findings"
"1810","2399","*","*","Diapers"
"1810","3151","*",,
"1810","3199","*","*","Industrial work apparel"
"1810","3842","*","*","Fire-resistant and protective safety clothing"
"1810","3999","*","*","Hair nets"
"1810","5699","*","*","Custom tailoring and dressmaking for individuals on material not owned by customer"
"1810","7219","*","*","Dressmaking services for individuals on material owned by customer"
"1810","7389","*","*","Embroidering advertising on apparel and apparel pressing"
"1820","2337","*","*","Artificial fur coats"
"1820","2371","*","*","except headgear"
"1820","3999","*","*","Dressing and dyeing fur"
"1820","5632","*","*","Integrated manufacture and sale at retail of custom fur apparel"
"1911","3111",,,
"1912","2392","*","*","Plastics blanket bags"
"1912","3053","*","*","Leather"
"1912","3161","*",,
"1912","3171","*",,
"1912","3172","*",,
"1912","3199","*","*","Other leather goods including dog collars, leashes, saddlery, industrial leather belting, and other industrial products"
"1912","3842","*","*","Belts for occupational use"
"1912","3961","*","*","Compacts other than leather"
"1920","3021","*",,
"1920","3069","*","*","Footwear parts"
"1920","3089","*","*","Footwear parts"
"1920","3131","*","*","except shoe clasps and buckles"
"1920","3142","*",,
"1920","3143","*",,
"1920","3144","*",,
"1920","3149","*",,
"1920","3199","*","*","Leggings and similar products"
"2010","2411","*","*","Wood chips produced in the field"
"2010","2421","*",,
"2010","2426","*","*","except densified wood; and furniture turnings, carvings, and frames; and parquet panels"
"2010","2429","*","*","Excelsior"
"2010","2431","*","*","except carpentry and joinery"
"2010","2491","*",,
"2010","2499","*","*","Flour"
"2021","2426","*","*","Densified wood"
"2021","2435","*",,
"2021","2436","*",,
"2021","2493","*",,
"2022","2429","*","*","Shingles and shakes"
"2022","2431","*","*","Carpentry and joinery"
"2022","2439","*",,
"2022","2452","*",,
"2022","2541","*","*","Partitions"
"2023","2429","*","*","Cooperage stock"
"2023","2441","*",,
"2023","2448","*",,
"2023","2449","*",,
"2023","2499","*","*","Other including reels, tubs, and vats"
"2023","7699","*","*","Repairing products of ISIC 2023 other than personal and household but including wood pallets"
"2029","2426","*","*","Furniture turnings and carvings"
"2029","2499","*","*","Other products of wood including pressed logs and briquettes, cork, straw goods, and plaiting materials"
"2029","2591","*","*","Wooden window blinds and curtain and drapery rods and fixtures"
"2029","2999","*","*","Pressed logs and briquettes"
"2029","3993","*","*","Wooden signs"
"2029","3999","*","*","Burnt wood articles"
"2101","2611","*",,
"2101","2621","*","*","except tar or asbestos papers and saturated felts"
"2101","2631","*",,
"2101","2671","*","*","except plastics film"
"2101","2672","*","*","except articles"
"2101","2675","*","*","Pasted, lined, laminated, or surface-coated paperboard"
"2101","2679","*","*","Laminated, cheque safety, and crepe paper"
"2101","3955","*","*","Carbon and stencil paper in rolls"
"2102","2652","*",,
"2102","2653","*",,
"2102","2655","*","*","except cones, cores, bobbins, tubes, and reels"
"2102","2656","*","*","except drinking cups, plates, straws, spoons, and other food utensils"
"2102","2657","*",,
"2102","2673","*","*","Coated and multi-web lamination bags chiefly of paper including coated single-web garment bags"
"2102","2674","*",,
"2102","2675","*","*","Containers including egg cartons, and egg case fillers and flats"
"2109","2655","*","*","Cones, cores, bobbins, tubes, and reels"
"2109","2656","*","*","Cups, plates, straws, spoons, and other food utensils"
"2109","2672","*","*","Articles"
"2109","2675","*","*","Articles other than containers"
"2109","2676","*",,
"2109","2677","*",,
"2109","2678","*",,
"2109","2679","*","*","except laminated, cheque safety, crepe paper and paper novelties"
"2109","2752","*","*","Labels and tags"
"2109","2754","*","*","Labels and tags"
"2109","2759","*","*","Labels and tags"
"2109","3955","*","*","Carbon and stencil paper other than in rolls"
"2211","2731","*",,
"2211","2741","*","*","except: art reproductions, calendars, and paper patterns"
"2211","3999","*","*","Geographical globes"
"2212","2711","*",,
"2212","2721","*",,
"2213","3652",,"*","Publishing recorded audio media"
"2219","2741","*","*","Art reproductions, calendars, and micropublishing"
"2219","2771","*","*","Publishing and printing or publishing only"
"2221","2732","*",,
"2221","2752","*","*","except labels and tags"
"2221","2754","*","*","except labels and tags"
"2221","2759","*","*","except labels and tags"
"2221","2761","*",,
"2221","2771","*","*","Printing"
"2221","2782","*","*","Blankbooks, checkbooks, albums, diaries, ledger, memo, and scrapbooks"
"2221","3993","*","*","Advertising displays, novelties, and window cutouts"
"2222","2782","*","*","Loose-leaf binders, devices, and parts"
"2222","2789","*",,
"2222","2791","*",,
"2222","2796","*",,
"2230","3652","*","*","Reproduction only"
"2230","7372","*","*","Reproduction only"
"2230","7819","*","*","Reproduction of video tapes and disks"
"2310","3312",,"*","Coke and coke oven byproducts"
"2320","2911","*",,
"2320","2992","*","*","except hydraulic brake fluids and rust-arresting compounds"
"2320","2999","*","*","except coal briquettes and pressed wood fuel logs"
"2330","2819","*","*","Uraniumoxides; radioactive elements, isotopes, and compounds; nuclear fuel elements, and other fissionable nuclear material"
"2330","2869","*","*","Organic nuclear fuels"
"2411","2812","*",,
"2411","2813","*",,
"2411","2816","*",,
"2411","2819","*","*","Other industrial inorganic chemicals"
"2411","2861","*",,
"2411","2865","*",,
"2411","2869","*","*","except organic nuclear fuels and hydraulic fluids"
"2411","2874","*","*","Phosphoric acid"
"2411","2895","*",,
"2412","2819","*","*","Potassium nitrates and sulphates and muriate of potash"
"2412","2873","*",,
"2412","2874","*","*","except phosphoric acid"
"2412","2875","*",,
"2413","2821","*",,
"2413","2822","*",,
"2413","3087","*",,
"2421","2879",,,
"2422","2851","*",,
"2422","2891","*","*","Sealing and caulking compounds"
"2422","2893","*",,
"2422","2899","*","*","Frit, vitrifiable enamels, plastic wood, patching plaster, and grouting material"
"2422","3952","*","*","Artists' colours"
"2423","2833","*",,
"2423","2834","*",,
"2423","2835","*",,
"2423","2836","*",,
"2423","3842","*","*","Absorbent cotton, dressings, and other surgical supplies"
"2423","3843","*","*","Alloys for amalgams, cements, plasters, and other dental compounds"
"2424","2841","*",,
"2424","2842","*","*","except laundry starch preparations"
"2424","2843","*","*","Wetting agents, emulsifiers, and other surface active agents"
"2424","2844","*",,
"2424","2899","*","*","Other including core wax"
"2429","2819","*","*","Activated carbon and charcoal"
"2429","2842","*","*","Laundry starch preparations"
"2429","2843","*","*","Textile and leather assistants and finishing agents"
"2429","2869","*","*","Hydraulic fluids"
"2429","2891","*","*","Adhesives, cements, and glues"
"2429","2892","*",,
"2429","2899","*","*","except: frit, vitrifiable enamels, plastic wood, patching plaster, grouting material, core wax, drilling muds, and lighter fluid compounds"
"2429","2992","*","*","Hydraulic brake fluids and rust arresting compounds"
"2429","3482","*","*","Percussion caps and primers"
"2429","3695","*",,
"2429","3861","*","*","Photographic supplies including sensitized film and paper, chemical preparations, plates, and toners"
"2429","3952","*","*","India and other drawing inks"
"2430","2823","*",,
"2430","2824","*",,
"2511","3011","*","*","except tire repair materials"
"2511","7534","*",,
"2519","3011","*","*","Tire repair materials"
"2519","3052","*","*","Rubber"
"2519","3053","*","*","Rubber"
"2519","3061","*",,
"2519","3069","*","*","Other fabricated rubber products including bathing caps, erasers, foam rubber, prophylactics, and wetsuits"
"2519","3492","*","*","Rubber hose and tube assemblies with fittings"
"2520","2385","*","*","Heat-sealed plastics outerwear"
"2520","2392","*","*","Plastics housefurnishings other than mops"
"2520","2499","*","*","Plastics shoe lasts"
"2520","2591","*","*","Plastics"
"2520","2671","*","*","Plastics film for packaging"
"2520","2672","*","*","Plastics adhesive tape including pressure-sensitive"
"2520","2673","*","*","Multi-web laminated plastics bags and liners and singleweb plastics bags and liners"
"2520","3052","*","*","Plastics"
"2520","3053","*","*","Plastics including fiberglass"
"2520","3081","*",,
"2520","3082","*",,
"2520","3083","*",,
"2520","3084","*",,
"2520","3085","*",,
"2520","3086","*",,
"2520","3088","*",,
"2520","3089","*","*","except footwear parts, battery separators including cases, air freight containers, motor vehicle accessories, and inflatable boats"
"2520","3842","*","*","Plastics hard hats, welder's hoods and earplugs"
"2520","3993","*","*","Plastics nameplates and plaques other than engraved"
"2520","3995","*","*","Fiberglass burial vaults"
"2520","3996","*","*","Plastics floor tile coverings"
"2520","3999","*","*","Other including plastics soap dispensers"
"2610","3211","*",,
"2610","3221","*",,
"2610","3229","*","*","except optical fibers and cables not individually sheathed"
"2610","3231","*",,
"2610","3296","*","*","Fiberglass insulation; and glass wool, felts, mats, and batts"
"2691","3261","*",,
"2691","3262","*",,
"2691","3263","*",,
"2691","3264","*",,
"2691","3269","*",,
"2692","3255","*",,
"2692","3297","*",,
"2693","3251","*",,
"2693","3253","*",,
"2693","3259","*",,
"2694","3241","*",,
"2694","3274","*","*","except calcined or dead-burned dolomite"
"2694","3275","*","*","Plasters including Keene's cement, gypsum, and plaster-of-Paris"
"2695","3271","*",,
"2695","3272","*",,
"2695","3273","*",,
"2695","3275","*","*","except plasters"
"2695","3292","*","*","Asbestos-cement products"
"2695","3299","*","*","Articles of plaster-of-Paris or papier mache"
"2696","3281",,,
"2699","2621","*","*","Tar, asbestos, and saturated felts"
"2699","2899","*","*","Drilling muds"
"2699","2951","*",,
"2699","2952","*",,
"2699","3053","*","*","Asbestos"
"2699","3274","*","*","Calcined or dead-burned dolomite"
"2699","3291","*","*","except: steel wool, metal sponges, and scouring pads"
"2699","3292","*","*","except asbestos-cement products"
"2699","3295","*",,
"2699","3296","*","*","except: fibreglass insulation; and glass wool, felts, mats, and batts"
"2699","3299","*","*","except clay statuary and articles of plaster-of-Paris or papier mache"
"2699","3624","*","*","Non-electrical articles of graphite or other carbon including fibers"
"2699","3842","*","*","Asbestos clothing"
"2710","3312","*","*","except coke and coke oven byproducts"
"2710","3313","*","*","Ferro-alloys"
"2710","3315","*","*","Ferrous wire"
"2710","3316","*",,
"2710","3317","*",,
"2710","3399","*","*","Iron or steel brad, balls, and powder"
"2710","3449","*","*","Fabricated bars and rods including concrete reinforcing"
"2710","3494","*","*","Ferrous pipe fittings"
"2710","3496","*","*","Coated wire"
"2720","2819","*","*","Alumina"
"2720","3313","*","*","Nonferrous alloys"
"2720","3331","*",,
"2720","3334","*",,
"2720","3339","*",,
"2720","3341","*","*","except dettining of cans and scrap and recovery of silver from used photographic film and plates"
"2720","3351","*",,
"2720","3353","*",,
"2720","3354","*",,
"2720","3355","*",,
"2720","3356","*",,
"2720","3357","*","*","except insulated wire, cable, and sheathed optical fibre cable"
"2720","3399","*","*","Nonferrous metal powder, dust, and paste"
"2720","3494","*","*","Nonferrous pipe fittings"
"2720","3497","*","*","Non-ferrous foil and leaf"
"2731","3321","*","*","except pipe and pipe fittings"
"2731","3322","*",,
"2731","3324","*",,
"2731","3325","*",,
"2732","3363","*",,
"2732","3364","*",,
"2732","3365","*",,
"2732","3366","*",,
"2732","3369","*",,
"2811","2542","*","*","Metal partitions"
"2811","3441","*","*","except boat and ship sections"
"2811","3442","*",,
"2811","3443","*","*","except: power boilers, nuclear reactors, heat exchangers, steam condensers, crane hooks, gas absorbers, process vessels, ladle bales, buoys, tanks, reservoirs, containers, gas cylinders, and process vessels"
"2811","3444","*","*","Structurual metal products including ducts, pipes and elbows, flooring, roofing, awnings, sidings, chutes, gutters, flumes, and guard rails"
"2811","3446","*",,
"2811","3448","*",,
"2811","3449","*","*","Expanded metal lath, corner beads, and other metal plaster bases"
"2811","3523","*","*","Metal corrals, stanchions, stalls, and holding gates"
"2812","3433","*","*","Heaters other than domestic, boilers, and radiators"
"2812","3443","*","*","Tanks, reservoirs, containers, gas cylinders, and process vessels"
"2812","7699","*","*","Repairing products of ISIC 2812 other than personal and household"
"2813","3443","*","*","Power boilers, nuclear reactors, and steam condensers"
"2813","3559","*","*","Nuclear reactor control rods and drive mechanisms"
"2813","7699","*","*","Repairing products of ISIC 2813 other than personal and household"
"2891","3449","*","*","Custom roll-formed products"
"2891","3462","*",,
"2891","3463","*",,
"2891","3469","*","*","except cooking and kitchen utensils including pots and pans"
"2891","3499","*","*","Custom powder-metallurgy products"
"2892","3398","*",,
"2892","3399","*","*","Laminating steel"
"2892","3443","*","*","Perforating heavy metal"
"2892","3471","*",,
"2892","3479","*","*","except engraving and etching"
"2892","3599","*","*","Custom machining of metals (machine shops)"
"2892","3915","*","*","Metal jewelry soldering and polishing for the trade"
"2892","7389","*","*","Metal cutting, slitting, and shearing"
"2892","7692","*",,
"2892","7699","*","*","Blacksmithing"
"2893","2591","*","*","Metal curtain and drapery rods and fixtures"
"2893","3421","*",,
"2893","3423","*","*","except: jacks, electric soldering irons and guns, and measuring tools"
"2893","3425","*",,
"2893","3429","*","*","Vehicle, furniture, and builders' hardware; fireplace furnishings, and locks other than for safes and vaults"
"2893","3432","*","*","Shower rods"
"2893","3499","*","*","Safe and vault locks"
"2893","3523","*","*","Non-electric animal clippers"
"2893","3532","*","*","Mining drill bits other than oilfield"
"2893","3533","*","*","Oilfield drill bits"
"2893","3544","*","*","Dies and die sets"
"2893","3545","*","*","Interchangeable cutting tools for machine tools"
"2893","3914","*","*","Metal flatware other than precious metal"
"2899","2499","*","*","Metal picture frames"
"2899","2591","*","*","Metal blinds and shades"
"2899","2673","*","*","Aluminum foil bags"
"2899","3053","*","*","Metal"
"2899","3131","*","*","Shoe clasps and buckles"
"2899","3291","*","*","Steel wool and metal scouring sponges whether or not impregnated with soap"
"2899","3315","*","*","except ferrous wiredrawing and wire carts"
"2899","3399","*","*","Other metal products including nonferrous staples, brads, tacks, and nails"
"2899","3411","*",,
"2899","3412","*",,
"2899","3423","*","*","Small hand-operated kitchen appliances"
"2899","3429","*","*","Other including hose clamps and handcuffs"
"2899","3431","*",,
"2899","3444","*","*","Other including aluminum jacketing for pipeline insulation and furnace casings"
"2899","3451","*",,
"2899","3452","*",,
"2899","3466","*",,
"2899","3479","*","*","Engraving and etching"
"2899","3492","*","*","Metal hose and tube assemblies with metal fittings"
"2899","3493","*",,
"2899","3494","*","*","Pipe hangers and other supports including metal framing"
"2899","3495","*","*","except clock and watch springs"
"2899","3496","*","*","except hand sieves and grocery carts"
"2899","3497","*","*","Converted foil and foil containers including pie plates"
"2899","3498","*",,
"2899","3499","*","*","Other fabricated metal products including ladders,  collapsible tubes, stamped wheels, drill stands, and safes and vaults"
"2899","3537","*","*","Metal pallets"
"2899","3548","*","*","Welding electrodes and welding wire with flux"
"2899","3599","*","*","Flexible metallic hose and tubing and other miscellaneous machinery and equipment"
"2899","3842","*","*","Metal safety hats"
"2899","3914","*","*","except flatware and all articles of precious metals"
"2899","3965","*","*","Needles, safety and straight pins, hook and eye fasteners, clasps, and buckles other than shoe"
"2899","3993","*","*","Metal signs and letters for signs"
"2899","3995","*","*","Metal grave vaults"
"2899","3999","*","*","Other fabricated metal products including soap dispensers"
"2899","5085","*","*","Reconditioning metal drums"
"2899","7699","*","*","Repairing products of ISIC 2899 other than personal and household including cleaning and re-glazing baking pans"
"2911","3511","*","*","Turbines"
"2911","3519","*","*","Engines and engine parts other than motor vehicle"
"2911","3592","*","*","Other than motor vehicle and aircraft"
"2911","7699","*","*","Repairing products of ISIC 2911 other than personal and household but including engines and turbines other than vehicle"
"2912","3429","*","*","Hose nozzles except lawn, garden, and plumbers"
"2912","3432","*","*","except shower rods and portable lawn sprinklers"
"2912","3491","*",,
"2912","3492","*","*","Valves"
"2912","3494","*","*","Plumbing and heating valves and stop cocks"
"2912","3523","*","*","Windmills for pumping water"
"2912","3561","*",,
"2912","3563","*","*","except spraying and dusting equipment"
"2912","3586","*",,
"2912","3593","*",,
"2912","3594","*","*","except hydrostatic transmissions and drives"
"2912","3714","*","*","Oil, fuel, water, or fluid power pumps; governors; tire-valve cores; and PCV valves"
"2912","3724","*","*","Engine pumps"
"2912","3728","*","*","Pumps other than engine"
"2912","3743","*","*","Pumps"
"2912","3821","*","*","Vacuum pumps"
"2912","7699","*","*","Repairing products of ISIC 2912 other than personal and household but including pumps, compressors, taps, and valves"
"2913","3562","*",,
"2913","3566","*",,
"2913","3568","*",,
"2913","3594","*","*","Hydrostatic transmissions and drives"
"2913","7699","*","*","Repairing products of ISIC 2913 other than personal and household but including power transmission equipment"
"2914","3433","*","*","Oil and gas burners and mechanical stokers"
"2914","3559","*","*","Cement and chemical kilns"
"2914","3567","*",,
"2914","3569","*","*","Cremating ovens"
"2914","3821","*","*","Furnaces and ovens"
"2914","7699","*","*","Repairing products of ISIC 2913 other than personal and household but including ovens, furnaces, and furnace burners"
"2915","3423","*","*","Jacks"
"2915","3429","*","*","Metal tackle blocks"
"2915","3443","*","*","Laminated plate crane hooks"
"2915","3523","*","*","Conveyors, elevators, loaders, stackers, and bale throwers"
"2915","3531","*","*","Winches, automobile wrecker hoists, capstans, and aerial work platforms"
"2915","3532","*","*","Car dumpers"
"2915","3533","*","*","Derricks"
"2915","3534","*",,
"2915","3535","*","*","except mine conveyors"
"2915","3536","*",,
"2915","3537","*","*","except: metal pallets, cargo containers, dollies and hand trucks"
"2915","3569","*","*","Jacks, and bridge and gate machinery"
"2915","3599","*","*","Chair lifts"
"2915","3714","*","*","Dump-truck lifting mechanisms and hydraulic tailgates"
"2915","7699","*","*","Repairing products of ISIC 2915 including industrial trucks"
"2919","3053","*","*","Gaskets of metal sheeting combined with other materials"
"2919","3432","*","*","Portable lawn sprinklers"
"2919","3443","*","*","Heat exchangers, gas absorbers, autoclaves, and fractionating columns and towers"
"2919","3556","*","*","Commercial ice cream freezers"
"2919","3559","*","*","Other including degreasing machines, ozone machines, and desalination equipment"
"2919","3563","*","*","Spraying and dusting equipment"
"2919","3564","*","*","except attic fans"
"2919","3565","*",,
"2919","3569","*","*","Other including separators for steam and gas; testing chambers; dustless blast-cleaning equipment; burnishing and washing machines for brakes; ice crushers; automatic fire sprinkling systems; gas producing apparatus;steam, liquid oxygen and nitrogen generators; lubricating systems and equipment; ordnance-testing machines; and screening and sifting machines for general industrial use"
"2919","3581","*",,
"2919","3585","*","*","except warm air furnaces and electric comfort heating equipment"
"2919","3589","*","*","Other service industry machines including industrial vacuum cleaners, dishwashing machines, garbage disposal units, and waste and sewage treatment equipment"
"2919","3596","*",,
"2919","3599","*","*","Oil, gas, and air filters other than motor vehicle"
"2919","3821","*","*","Centrifuges, freezers and chemical fume hoods"
"2919","3952","*","*","Artists' air brushes"
"2919","3999","*","*","Portable fire extinguishers"
"2919","7389","*","*","Servicing fire extinguishers"
"2919","7699","*","*","Repairing products of ISIC 2919 including repairing  vending machines"
"2921","3523","*","*","except: corrals, stalls, holding gates, animal clippers, windmills for pumping water, conveyors, elevators, loaders, bale throwers, farm wagons and trailers, and machinery and equipment for preparing crops for market or use"
"2921","3524","*","*","except powered hand tools"
"2921","3531","*","*","Forestry machinery including logging"
"2921","7699","*","*","Repairing products of ISIC 2921 including farm machinery"
"2922","3423","*","*","Electric soldering irons and guns"
"2922","3523","*","*","Electric animal clippers including sheep shears"
"2922","3524","*","*","Powered hand tools"
"2922","3532","*","*","Portable rock drills"
"2922","3541","*",,
"2922","3542","*","*","except die casting machines"
"2922","3544","*","*","Jigs and fixtures"
"2922","3545","*","*","except interchangeable cutting tools and measuring tools"
"2922","3546","*",,
"2922","3548","*","*","except: electrodes, welding wire, generators, and transformers"
"2922","3549","*","*","except assembly machines"
"2922","3553","*",,
"2922","3559","*","*","Machines for working stone, glass, ceramics, and other hard materials"
"2922","3589","*","*","Floor sanders and scrap shredders"
"2922","3699","*","*","Ultrasonic, laser, and electron beam machines for working metal"
"2922","7629","*","*","Repairing products of ISIC 2922 other than personal and household but including electric welding apparatus"
"2923","3443","*","*","Ladle bails"
"2923","3542","*","*","Die casting machines"
"2923","3547","*",,
"2923","3559","*","*","Metal smelting and refining machinery and foundry machinery other than machinery for forming foundry molds of sand"
"2923","7699","*","*","Repairing products of ISIC 2923 other than personal and household but including machinery for metallurgy"
"2924","3531","*","*","except: winches, automobile wrecker hoists, capstans, aerial work platforms, forestry equipment, and railway track maintenance equipment"
"2924","3532","*","*","except: cars, car dumpers, and rock bits"
"2924","3533","*","*","except derricks and rock bits"
"2924","3535","*","*","Mine conveyors"
"2924","7699","*","*","Repairing products of ISIC 2924 other than personal and household"
"2925","3523","*","*","Machinery and equipment for preparing crops for market or use"
"2925","3556","*","*","except commercial ice cream freezers"
"2925","3559","*","*","Tobacco processing machines including cigar and cigarette making machinery"
"2925","3589","*","*","Commercial cooking and food warming equipment"
"2925","7699","*","*","Repairing products of ISIC 2925 other than personal and household"
"2926","3552","*","*","except machines for making manmade textile fibers and filaments and for textile printing"
"2926","3559","*","*","Industrial sewing, leather working, hat making, and cotton ginning machines"
"2926","3582","*",,
"2926","3639","*","*","Household sewing machines"
"2926","3965","*","*","Industrial sewing and knitting machine needles"
"2926","7699","*","*","Repairing products of ISIC 2926 other than personal and household but including textile roll covering service"
"2927","3482","*","*","except percussion caps, primers, and wads"
"2927","3483","*",,
"2927","3484","*",,
"2927","3489","*",,
"2927","3711","*","*","Military armored cars and other fighting vehicles other than tanks"
"2927","3761","*","*","Guided and ballistic missiles"
"2927","3764","*","*","Guided and ballistic missile engines and motors"
"2927","3769","*","*","Parts of guided and ballistic missiles"
"2927","3795","*",,
"2927","3841","*","*","Rifles for propelling hypodermics into animals"
"2927","3999","*","*","Tear-gas devices"
"2927","7699","*","*","Repairing products of ISIC 2927 other than personal and household"
"2929","3069","*","*","Rubber printing type"
"2929","3543","*",,
"2929","3544","*","*","Industrial molds and mold boxes"
"2929","3549","*","*","Assembly machines"
"2929","3552","*","*","Printing machines and machines for making manmade textile fibers and filaments"
"2929","3554","*",,
"2929","3555","*",,
"2929","3559","*","*","Other including machines and equipment for making semiconductors other than photo-mask, bricks and tiles, brooms, cement and concrete products, chemicals, clay products, glass, light bulbs, optical lenses, zippers, and for forming foundry molds of sand; machines for fabricating rubber and plastics; tire making, retreading, and shredding machines; sewer cleaning machines; petroleum refinery equipment; and lumber and veneer dryers"
"2929","3589","*","*","Carwashing and sewer cleaning"
"2929","3699","*","*","Ultrasonic cleaning equipment"
"2929","3999","*","*","Barber and beauty shop equipment"
"2929","7699","*","*","Repairing products of ISIC 2929 other than person and household"
"2930","3433","*","*","Domestic stoves, heaters, and furnaces"
"2930","3444","*","*","Range hoods"
"2930","3564","*","*","Attic fans"
"2930","3569","*","*","Electric swimming pool heaters"
"2930","3585","*","*","Warm air furnaces and electric comfort heating equipment"
"2930","3631","*",,
"2930","3632","*",,
"2930","3633","*",,
"2930","3634","*","*","except cigarette lighters"
"2930","3635","*",,
"2930","3639","*","*","except household sewing machines"
"2930","3699","*","*","Electric fireplace logs"
"2930","3999","*","*","Electric hair clippers for human use"
"3000","3444","*","*","Housings for business machines"
"3000","3571","*",,
"3000","3572","*",,
"3000","3575","*",,
"3000","3577","*",,
"3000","3578","*",,
"3000","3579","*","*","except dictation machines and time recording devices"
"3000","3861","*","*","Blueprinting, whiteprinting and photocopying equipment"
"3110","3511","*","*","Turbine generator sets"
"3110","3548","*","*","Arc welding generators and transformers"
"3110","3612","*",,
"3110","3621","*",,
"3110","3629","*","*","Rectifying apparatus including battery chargers and power conversion apparatus, and electrochemical fuel cells"
"3110","3661","*","*","Telephone and telegraph transformers"
"3110","3677","*",,
"3110","3679","*","*","Magnetic cores"
"3110","3825","*","*","Portable instrument transformers"
"3110","7629","*","*","Repairing products of ISIC 3110 other than personal and household but including transformers"
"3110","7694","*",,
"3120","3613","*",,
"3120","3625","*","*","except electromagnetic clutches and brakes"
"3120","3629","*","*","Surge suppressors"
"3120","3643","*",,
"3120","3644","*","*","Electrical wiring boxes, face plates, and outlets"
"3120","3678","*",,
"3120","3679","*","*","Switches"
"3120","7629","*","*","Repairing products of ISIC 3120 other than personal and household but including electricity distribution and control apparatus"
"3130","3357","*","*","Insulated wire, cable, and sheathed optical fiber cable"
"3130","3679","*","*","Sets including wiring harness assemblies"
"3130","3699","*","*","Sets including appliance and extension cords"
"3140","3069","*","*","Battery separators and cases"
"3140","3089","*","*","Battery separators and cases"
"3140","3691","*",,
"3140","3692","*",,
"3150","3641","*",,
"3150","3645","*",,
"3150","3646","*",,
"3150","3647","*","*","Aircraft, marine, or railroad"
"3150","3648","*","*","except incandescent mantles"
"3150","3699","*","*","Christmas tree electric ornaments and lighting sets, and trouble lights"
"3150","3993","*","*","Electric signs other than scoreboards"
"3150","3999","*","*","Lampshade frames"
"3150","7629","*","*","Repairing products of ISIC 3150 other than personal and household but including lighting equipment and fixtures"
"3190","3499","*","*","Permanent magnets"
"3190","3559","*","*","Electroplating machinery"
"3190","3624","*","*","Electrical carbon and graphite products"
"3190","3625","*","*","Electromagnetic clutches and brakes"
"3190","3629","*","*","Other including solenoids and coil windings"
"3190","3644","*","*","Electrical conduit, fittings, and insulators"
"3190","3647","*","*","except aircraft, marine, and railroad"
"3190","3669","*","*","Sound signalling devices including horns, sirens, and fire and burglar alarms; and electrical signalling, safety or traffic control equipment for roads, railroads, waterways, and airports"
"3190","3679","*","*","Indicator panels"
"3190","3694","*",,
"3190","3699","*","*","Other including particle accelerators; door opening and closing devices; outboard motors; amplifiers including magnetic, pulse, and maser; ultrasonic generators; fence chargers; insect lamps; and electric bells"
"3190","3714","*","*","Wiring harness sets other than ignition, block and battery heaters, and electric defrosters"
"3190","3825","*","*","Signal generators and averagers"
"3190","3829","*","*","Metal detectors"
"3190","3993","*","*","Electronic scoreboards"
"3190","7629","*","*","Repairing products of ISIC 3190 other than personal and household"
"3210","3629","*","*","Capacitors"
"3210","3671","*",,
"3210","3672","*",,
"3210","3674","*",,
"3210","3675","*",,
"3210","3676","*",,
"3210","3679","*","*","Other including attenuators and rectifiers"
"3220","3661","*","*","except answering machines and telephone and telegraph transformers"
"3220","3663","*","*","except pagers, satellites, and remote control transmitters"
"3220","3669","*","*","Intercommunication systems"
"3220","7622","*","*","Repairing products of ISIC 3220 other than personal and household but including aircraft radio equipment"
"3220","7629","*","*","Repairing products of ISIC 3220 other than personal and household but including telephones"
"3230","3579","*","*","Dictation machines"
"3230","3651","*",,
"3230","3661","*","*","Telephone answering machines"
"3230","3663","*","*","Pagers"
"3230","3679","*","*","Headphones and antennas including satellite dishes"
"3230","3861","*","*","Sound recording and reproducing equipment for motion pictures"
"3230","7622","*","*","Repairing products of ISIC 3230 other than personal and household but including public address systems"
"3311","2599","*","*","Hospital beds"
"3311","3821","*","*","Autoclaves and sterilizers"
"3311","3841","*","*","except rifles for propelling hypodermics into animals"
"3311","3842","*","*","Orthopedic, prosthetic, and therapeutic appliances; and gas masks"
"3311","3843","*","*","Other including dental abrasive equipment, autoclaves, ultrasonic equipment, chairs, and hand instruments"
"3311","3844","*",,
"3311","3845","*",,
"3311","3851","*","*","Glass and plastics eyes"
"3311","3999","*","*","Barber and beauty shop chairs, massage apparatus, and sterilizers"
"3311","7629","*","*","Repairing products of ISIC 3311 other than personal and household but including electrical medical equipment"
"3311","7699","*","*","Repairing products of ISICC 3311 other than personal and household but including non-electric medical, dental and surgical instruments"
"3311","8072","*",,
"3312","3423","*","*","Levels, protractors, rules, and other measuring instruments"
"3312","3545","*","*","Precision measuring devices including inspection, quality control, tool room, and machinists'"
"3312","3559","*","*","Automotive wheel mounting and balancing equipment"
"3312","3569","*","*","Balancing equipment other than automotive wheel"
"3312","3663","*","*","Remote control transmitters"
"3312","3812","*",,
"3312","3821","*","*","Other including balances, calorimeters, incubators, shakers and stirrers, and microtomes"
"3312","3822","*",,
"3312","3824","*","*","except parking meters"
"3312","3825","*","*","except instrument transformers, signal generators, and averages"
"3312","3826","*",,
"3312","3827","*","*","Test, inspection, and measuring instruments"
"3312","3829","*","*","except percentage or wind correctors"
"3312","3861","*","*","Densitometers, sensitometers, exposure meters and range finders"
"3312","3952","*","*","Pantographs"
"3312","3999","*","*","Tape measures"
"3312","7629","*","*","Repairing products of ISIC 3312 other than personal and household but including electrical aircraft instruments"
"3312","7699","*","*","Repairing products of ISIC 3312 other than personal and household but including aircraft, meterological, nautical, and navigational instruments"
"3313","3823","*",,
"3313","7629","*","*","Repairing products of ISIC 3313 other than personal and household but including industrial process control instruments"
"3320","3229","*","*","Unsheathed fibre optical cable"
"3320","3827","*","*","except optical test, inspection and measuring instruments"
"3320","3829","*","*","Percentage or wind correctors"
"3320","3851","*","*","except glass and plastics eyes"
"3320","3861","*","*","Other including cameras, projectors, and developing equipment"
"3320","3999","*","*","Photographic stereographs"
"3320","7699","*","*","Repairing of products of ISIC 3320 other than personal and household but including optical instruments and photographic equipment"
"3330","3495","*","*","Clock and watch springs"
"3330","3579","*","*","Time recording devices"
"3330","3824","*","*","Parking meters"
"3330","3873","*",,
"3330","3911","*","*","Watchbands"
"3330","3915","*","*","Watch jewels"
"3330","3961","*","*","Metal watchbands"
"3410","3519","*","*","Motor vehicle engines"
"3410","3711","*","*","Motor vehicles"
"3410","3713","*","*","Trucks and buses (complete vehicles)"
"3410","3714","*","*","Motor vehicle engines"
"3410","3716","*",,
"3410","3743","*","*","Trackless trolley buses and cars"
"3410","3799","*","*","All-terrain vehicles other than golf carts, go-carts, and snowmobiles"
"3410","7538","*","*","Engine rebuilding other than on a factory basis"
"3420","2451","*",,
"3420","3089","*","*","Air freight containers"
"3420","3443","*","*","Tanks for tank trucks"
"3420","3537","*","*","Metal cargo containers"
"3420","3711","*","*","Car bodies"
"3420","3713","*","*","Bodies only"
"3420","3715","*",,
"3420","3792","*",,
"3420","3799","*","*","Trailers and vehicle or trailer bodies"
"3420","7699","*","*","Repairing products of ISIC 3420 other than personal and household but including shipping (cargo) containers"
"3430","2399","*","*","Seat belts"
"3430","3089","*","*","Motor vehicle accessories and parts"
"3430","3429","*","*","Automobile roof racks and carriers for luggage and skis"
"3430","3465","*",,
"3430","3519","*","*","Motor vehicle engine parts"
"3430","3592","*","*","Motor vehicle"
"3430","3714","*","*","Brake and brake parts, camshaft, clutches, crank shafts, flywheels, gears, and transmissions"
"3430","3799","*","*","Trailer hitches and parts for all-terrain vehicles, golf carts, snowmobiles, and go-carts"
"3511","3069","*","*","Inflatable floating structures"
"3511","3441","*","*","Prefabricated barge and ship sections"
"3511","3443","*","*","Buoys and floating structures"
"3511","3731","*","*","except large pleasure and sporting sailboats and yachts classified as ships"
"3511","3732","*","*","Powered lifeboats and floating structures such as life rafts and pontoons"
"3511","4499","*","*","Dismantling ships"
"3511","7699","*","*","Ship scaling"
"3512","3069","*","*","Inflatable boats"
"3512","3089","*","*","Inflatable boats"
"3512","3441","*","*","Prefabricated boat sections"
"3512","3731","*","*","Large pleasure and sporting sailboats and yachts classified as ships"
"3512","3732","*","*","except floating structures such as liferafts and pontoons and powered lifeboats"
"3520","3531","*","*","Railway track maintenance equipment"
"3520","3532","*","*","Rail cars"
"3520","3743","*","*","except pumps and trackless trolley buses and cars"
"3520","4789","*","*","Repairing locomotives and railroad cars"
"3520","7699","*","*","Repairing railroad engines"
"3530","3592","*","*","Aircraft"
"3530","3663","*","*","Satellites"
"3530","3699","*","*","Flight simulators"
"3530","3721","*",,
"3530","3724","*","*","except pumps"
"3530","3728","*","*","except pumps"
"3530","3761","*","*","Complete space vehicles"
"3530","3764","*","*","Space vehicle propulsion units"
"3530","3769","*","*","Space capsules"
"3591","3751",,"*","Motorcycles"
"3592","3751","*","*","Bicycles"
"3592","3842","*","*","Wheel chairs"
"3599","2599","*","*","Restaurant carts"
"3599","3315","*","*","Wire carts"
"3599","3496","*","*","Wire carts"
"3599","3523","*","*","Wagons and trailers"
"3599","3537","*","*","Hand trucks, dollies, and carts"
"3599","3589","*","*","Janitors' carts"
"3599","3799","*","*","Wheelbarrows and animal-drawn vehicles"
"3599","7699","*","*","Repairing products of ISIC 3599 other than personal and household"
"3610","2426","*","*","Furniture frames"
"3610","2434","*",,
"3610","2499","*","*","Laundry hampers"
"3610","2511","*",,
"3610","2512","*",,
"3610","2514","*",,
"3610","2515","*",,
"3610","2519","*",,
"3610","2521","*",,
"3610","2522","*",,
"3610","2531","*",,
"3610","2541","*","*","except partitions"
"3610","2542","*","*","except partitions"
"3610","2599","*","*","except hospital beds and restaurant carts"
"3610","3429","*","*","Sleeper mechanisms for convertible beds"
"3610","3499","*","*","Seat frames"
"3610","3821","*","*","Laboratory furniture"
"3610","3952","*","*","Drafting tables and boards"
"3610","3993","*","*","Advertising displays other than printed"
"3610","5712","*","*","Integrated manufacture and sale at retail of cabinets and other furniture"
"3691","3911","*","*","except watchbands"
"3691","3914","*","*","Articles of precious metal including flatware"
"3691","3915","*","*","except watch jewels and soldering or polishing metal jewelry"
"3692","3931","*",,
"3692","3949","*","*","Game calls"
"3692","3999","*","*","Music boxes"
"3693","3069","*","*","Balls other than sports"
"3693","3842","*","*","Ear and nose plugs"
"3693","3944","*","*","Children's sleds"
"3693","3949","*","*","except game calls, and billiards and bowling alley equipment"
"3694","3069","*","*","Rubber toys"
"3694","3942","*",,
"3694","3944","*","*","except children's sleds, baby carriages, strollers, and walkers"
"3694","3949","*","*","Billiards and bowling alley equipment"
"3694","3999","*","*","Coin-operated amusement machines"
"3694","7699","*","*","Repairing products of ISIC 3694 other than personal and household but including refinishing bowling pins"
"3699","2392","*","*","Floor and dust mops"
"3699","2399","*","*","Powder puffs"
"3699","2679","*","*","Paper novelties"
"3699","2741","*","*","Paper patterns"
"3699","2899","*","*","Packaged lighter fluid"
"3699","3069","*","*","Pipe stems and cigarette holders"
"3699","3199","*","*","Whips and riding crops"
"3699","3292","*","*","Floor tile"
"3699","3429","*","*","Vacuum bottles and stoppers"
"3699","3496","*","*","Hand sieves"
"3699","3599","*","*","Amusement park equipment including rides"
"3699","3634","*","*","Cigar and cigarette lighters"
"3699","3842","*","*","Anatomical models"
"3699","3944","*","*","Baby carriages, strollers, and walkers"
"3699","3951","*",,
"3699","3952","*","*","Lead pencils, pencil lead, crayons, chalks, and modelling clay"
"3699","3953","*",,
"3699","3955","*","*","Inked ribbons for typewriters and computer printers"
"3699","3961","*","*","except: compacts and watchbands"
"3699","3965","*","*","except: needles, safety pins, hook and eye fasteners, clasps, buckles, and industrial sewing and knitting machines needles"
"3699","3991","*",,
"3699","3995","*","*","except metal and fiberglass burial vaults"
"3699","3996","*","*","except plastics floor tile"
"3699","3999","*","*","Other including identification tags, flyswatters, matches, metal badges, mannequins, artificial flowers and Christmas trees, umbrellas, beaded novelties, toupees and wigs, candles, combs other hard rubber, down and feathers, honeycomb foundations, and wind chimes"
"3699","7699","*","*","Taxidermy services"
"3710","5093","*","*","Cutting up metal scrap for direct input into metal mills"
"3720","2299","*","*","Fibers and fiber mixtures from waste"
"3720","3069","*","*","Reclaimed rubber"
"3720","5093","*","*","Grinding plastic containers into flakes"
"4010","4911","*",,
"4010","4931","*",,
"4020","4923","*",,
"4020","4924","*",,
"4020","4925","*",,
"4020","4932","*",,
"4030","4961",,,
"4100","4939","*",,
"4100","4941","*",,
"4510","1081","*","*","except geophysical exploration"
"4510","1241","*","*","except anthracite culm bank recovery"
"4510","1481","*","*","except geophysical exploration"
"4510","1611","*","*","Grading highways and airports"
"4510","1629","*","*","Land clearing, leveling, draining and reclaiming"
"4510","1794","*",,
"4510","1795","*",,
"4510","1799","*","*","Test drilling for building construction, digging postholes, and pole removal"
"4520","1521","*",,
"4520","1522","*",,
"4520","1531","*",,
"4520","1541","*",,
"4520","1542","*",,
"4520","1611","*","*","except grading highways and airports"
"4520","1622","*",,
"4520","1623","*",,
"4520","1629","*","*","except land clearing, leveling, draining and reclaiming"
"4520","1721","*","*","Painting traffic and parking lot markings"
"4520","1741","*",,
"4520","1751","*","*","Rough and framing"
"4520","1761","*","*","except duct work"
"4520","1771","*","*","except stucco"
"4520","1781","*",,
"4520","1791","*","*","except installing elevator fronts and curtain wall"
"4520","1799","*","*","Other including installation of residential swimming pools, artificial turf, billboards, and foundation footing forms; and moving buildings"
"4520","4789","*","*","Maintaining railroad rights-of-way"
"4530","1711","*",,
"4530","1731","*",,
"4530","1742","*","*","Installing insulation"
"4530","1761","*","*","Duct work"
"4530","1791","*","*","Installing elevator fronts"
"4530","1796","*","*","except installing revolving doors"
"4530","1799","*","*","Other including installing awnings and fencing; installing, service station equipment; waterpoofing; fireproofing buildings; and insulating pipes and boilers"
"4530","7622","*","*","Installing residential antennas"
"4540","1721","*","*","except painting traffic and parking lot markings"
"4540","1742","*","*","Plastering and installing drywall"
"4540","1743","*",,
"4540","1751","*","*","except rough and framing"
"4540","1752","*",,
"4540","1771","*","*","Stucco"
"4540","1791","*","*","Installing curtain wall"
"4540","1793","*",,
"4540","1796","*","*","Installing revolving doors"
"4540","1799","*","*","Other including refinishing bathtubs; installing fire escapes, partitions, stairways, and ornamental iron work; and cleaning building exteriors (including sandblasting)"
"4550","7353",,"*","Renting construction machinery with operator"
"5010","5012","*","*","Wholesaling vehicles other than motorcycles, snowmobiles, and all-terrain vehicles"
"5010","5091","*","*","Wholesaling go-carts"
"5010","5511","*",,
"5010","5521","*",,
"5010","5561","*","*","Vehicles"
"5010","5599","*","*","except aircraft and snowmobiles"
"5020","7532","*",,
"5020","7533","*",,
"5020","7536","*",,
"5020","7537","*",,
"5020","7538","*","*","except engine rebuilding or remanufacturing"
"5020","7539","*",,
"5020","7542","*",,
"5020","7549","*",,
"5020","7623","*","*","Installing refrigeration units in trucks and trailers"
"5020","7699","*","*","Repairing trailers"
"5030","5012","*","*","Automobile bodies"
"5030","5013","*","*","except snowmobile, motorcycle, and all-terrain vehicle parts, tools and equipment, and supplies"
"5030","5014","*",,
"5030","5015","*",,
"5030","5531","*",,
"5030","5561","*","*","Parts"
"5040","5012","*","*","Motorcycles, snowmobiles, all-terrain vehicles, and bodies thereof"
"5040","5013","*","*","Parts for motorcycles, snowmobiles, and all-terrain vehicles"
"5040","5571","*",,
"5040","5599","*","*","Snowmobiles"
"5040","7699","*","*","Repairing motorcycles, snowmobiles, and all-terrain vehicles"
"5050","5541",,,
"5121","5144","*","*","Live poultry"
"5121","5153","*",,
"5121","5154","*",,
"5121","5159","*","*","except raw sugar and cocoa beans"
"5121","5191","*","*","except harnesses and agricultural chemicals"
"5121","5193","*","*","except artificial flowers"
"5121","5199","*","*","Live animals including bait, pets, and fish; leather; oilseed cake and meal; and vegetable oil other than cooking"
"5122","5141","*",,
"5122","5142","*",,
"5122","5143","*",,
"5122","5144","*","*","except live poultry"
"5122","5145","*",,
"5122","5146","*",,
"5122","5147","*",,
"5122","5148","*",,
"5122","5149","*",,
"5122","5181","*",,
"5122","5182","*",,
"5122","5194","*",,
"5122","5199","*","*","Ice"
"5131","5023","*","*","Linens and other textile home furnishings other than floor coverings"
"5131","5131","*",,
"5131","5136","*",,
"5131","5137","*","*","except handbags and pocketbooks"
"5131","5139","*",,
"5131","5199","*","*","Automobile fabrics, textile bags, burlap, yarns, and dressed furs"
"5139","5021","*","*","Household"
"5139","5023","*","*","Cutlery, lamps, and floor coverings and other non-textile home furnishing"
"5139","5031","*","*","Kitchen cabinets and countertops"
"5139","5043","*","*","except motion picture studio and theatre equipment"
"5139","5047","*","*","Surgical and orthopedic instruments and supplies"
"5139","5048","*",,
"5139","5063","*","*","Electric lighting fixutures including light bulbs"
"5139","5064","*",,
"5139","5065","*","*","Blank video or audio tapes and two-way radios"
"5139","5074","*","*","Nonelectric stoves and ranges"
"5139","5091","*","*","except go-carts, hot-tubs and boats"
"5139","5092","*",,
"5139","5094","*","*","except precious metal mill shapes"
"5139","5099","*","*","Othe including musical instruments, luggage, and recorded audio media"
"5139","5112","*","*","except inked ribbons and photocopying supplies"
"5139","5113","*","*","Householod paper products including pressure sensitive-tape, paper or plastic bags, cups, dishes, and patterns for clothing"
"5139","5122","*",,
"5139","5137","*","*","Handbags and purses"
"5139","5169","*","*","Household bleaching and cleaning compounds, fabric softeners, and polishes and waxes"
"5139","5191","*","*","Harnesses"
"5139","5192","*",,
"5139","5193","*","*","Artificial flowers"
"5139","5198","*","*","Wallpaper and wall coverings"
"5139","5199","*","*","Other including advertising specialties; artificial Christmas trees; awnings; tents; sails; baskets of natural materials; household brooms, brushes, and mops; candles; clothes hangers; curios; drycell batteries; novelties; hair pieces; jewelery boxes; cigarette lighters; pet supplies except food; sponges; and stationery"
"5141","5052","*","*","Wholesaling coal and coke"
"5141","5171","*",,
"5141","5172","*",,
"5141","5199","*","*","Wholesaling charcoal"
"5142","5051","*","*","except nails and railroad track spikes"
"5142","5052","*","*","except coal and coke"
"5142","5094","*","*","Precious metal mill shapes"
"5143","5013","*","*","Tools"
"5143","5031","*","*","except kitchen cabinets and countertops"
"5143","5032","*",,
"5143","5033","*",,
"5143","5039","*",,
"5143","5072","*",,
"5143","5074","*","*","except nonelectric stoves and ranges"
"5143","5075","*","*","except automotive air conditioners"
"5143","5087","*","*","Sprinkler systems"
"5143","5091","*","*","Hot-tubs"
"5143","5099","*","*","Other including bolts, logs, pulpwood, wood chips, fuelwood, monuments, and tombstones"
"5143","5169","*","*","Turpentine and resin"
"5143","5198","*","*","except wallpaper, wall coverings, paint pigments, dryers, and colorants"
"5149","5085","*","*","Cooperage, box shook, and printers' ink"
"5149","5093","*","*","Other scrap and waste materials including automobile, paper, lead, metal, oil, rubber, and plastics"
"5149","5111","*",,
"5149","5113","*","*","Industrial papers"
"5149","5162","*",,
"5149","5169","*","*","Other chemicals and allied products including antifreeze; motor vehicle body and radiator compounds, brake fluid, and fuel additives; caulking materials; drilling mud and compounds; photographic chemicals; industrial alcohol; carbon black; dry ice; dye stuffs; essential oils; and explosives"
"5149","5191","*","*","Agricultural chemicals including fertilizers and pesticides"
"5149","5198","*","*","Paint pigments, dryers, and colourants"
"5149","5199","*","*","Other including animal and vegetable oils and greases, plant food, plastics foam, sawdust, and wood pulp"
"5150","5013","*","*","Engine testing equipment and service station equipment"
"5150","5021","*","*","Nonhousehold"
"5150","5043","*","*","Motion picture studio and theatre equipment"
"5150","5044","*",,
"5150","5045","*",,
"5150","5046","*",,
"5150","5049","*",,
"5150","5063","*","*","except electric lighting fixtures and light bulbs"
"5150","5065","*","*","except blank video or audio tapes and two-way radios"
"5150","5078","*",,
"5150","5082","*",,
"5150","5083","*",,
"5150","5084","*",,
"5150","5085","*","*","except box shooks, cooperage and printers' ink"
"5150","5087","*","*","except sprinkler systems"
"5150","5088","*",,
"5150","5091","*","*","Outboard motors, boats such as motor and sail, and canoes"
"5150","5099","*","*","Coin-operated game machines, fire extinguishers, firearms and ammunition"
"5150","5112","*","*","Inked ribbons and photocopying supplies"
"5150","5199","*","*","Foam rubber; taxidermy supplies; and broom, mop, and paint handles"
"5190","5199","*","*","General merchandise"
"5211","5411",,,
"5219","5311","*",,
"5219","5331","*",,
"5219","5399","*",,
"5219","5999","*","*","Auctioning general merchandise"
"5220","5421","*",,
"5220","5431","*",,
"5220","5441","*","*","except integrated manufacture and sale at retail of confectionery"
"5220","5451","*",,
"5220","5461","*","*","except integrated manufacture and sale at retail of bakery products"
"5220","5499","*",,
"5220","5921","*",,
"5220","5993","*",,
"5231","5912","*",,
"5231","5999","*","*","Orthopedic aids, prosthetic aids, and perfumes, cosmetics, and other toilet preparations"
"5232","5611","*",,
"5232","5621","*",,
"5232","5632","*","*","except integrated manufacture and sale at retail of custom fur apparel"
"5232","5641","*",,
"5232","5651","*",,
"5232","5661","*","*","except integrated manufacture and sale at retail of custom-made orthopedic shoes"
"5232","5699","*","*","except custom tailoring"
"5232","5714","*","*","Upholstery fabric and materials"
"5232","5948","*",,
"5232","5949","*",,
"5233","5712","*","*","except building custom cabinets and furniture"
"5233","5714","*","*","except upholstery fabric and materials"
"5233","5719","*",,
"5233","5722","*",,
"5233","5731","*",,
"5233","5735","*",,
"5233","5736","*",,
"5233","5999","*","*","Other including household appliances, articles, and equipment"
"5234","5211","*",,
"5234","5231","*","*","Paint and glass"
"5234","5251","*",,
"5234","5261","*","*","Snowblowers and lawnmowers"
"5239","5231","*","*","Wallpaper and wallcoverings"
"5239","5261","*","*","except snowblowers and lawnmowers"
"5239","5271","*",,
"5239","5551","*",,
"5239","5599","*","*","Aircraft"
"5239","5632","*","*","Costume jewelery"
"5239","5713","*",,
"5239","5734","*",,
"5239","5941","*",,
"5239","5942","*",,
"5239","5943","*",,
"5239","5944","*",,
"5239","5945","*",,
"5239","5946","*",,
"5239","5947","*",,
"5239","5983","*",,
"5239","5984","*",,
"5239","5989","*",,
"5239","5992","*",,
"5239","5994","*",,
"5239","5995","*",,
"5239","5999","*","*","Other including pets, art, coins, stamps, and flags"
"5239","7699","*","*","Picture framing"
"5240","5932",,,
"5252","5963",,"*","Temporary stalls"
"5259","5962","*",,
"5259","5963","*","*","except temporary stalls and markets"
"5260","7219","*","*","Repairing and altering garments"
"5260","7251","*","*","Shoe repair including dyeing"
"5260","7389","*","*","Bronzing baby shoes"
"5260","7622","*","*","Stereo, TV, VCR, and phonograph"
"5260","7623","*","*","except installation of refrigeration units in trucks and trailers"
"5260","7629","*","*","Repairing electrical personal and household appliances including razors"
"5260","7631","*",,
"5260","7641","*",,
"5260","7699","*","*","Other miscellaneous repairing of personal and household goods including bicycles and musical instruments"
"5510","4789","*","*","Providing sleeping car services (not performed by railroads)"
"5510","7011","*",,
"5510","7021","*",,
"5510","7032","*",,
"5510","7033","*",,
"5510","7041","*",,
"5520","4789","*","*","Providing food and bar services (not performed by railroads)"
"5520","5812","*",,
"5520","5813","*",,
"5520","8641","*","*","Bars and restaurants owned and operated for members only"
"6010","4011","*",,
"6010","4013","*","*","Switching"
"6021","4111","*",,
"6021","4119","*","*","Sightseeing and other scheduled transportation including aerial cableways and tramways"
"6021","4131","*",,
"6021","4151","*",,
"6021","7999","*","*","Aerial tramways"
"6022","4119","*","*","except sightseeing, other scheduled transporation including aerial tramways, and ambulance services"
"6022","4121","*",,
"6022","4141","*",,
"6022","4142","*",,
"6022","4789","*","*","Transport of passengers by snowmobiles and man- or animal-drawn vehicles"
"6023","4212","*","*","except off-highway log hauling and garbage collecting and transporting"
"6023","4213","*",,
"6023","4214","*",,
"6030","4612","*",,
"6030","4613","*",,
"6030","4619","*",,
"6030","4922","*","*","except natural gas storage"
"6110","4412","*",,
"6110","4424","*",,
"6110","4432","*",,
"6110","4449","*","*","Intracoastal transportation"
"6110","4481","*",,
"6110","4482","*","*","Operating sea and coastal ferries"
"6110","4489","*","*","Excursion and sightseeing boats other than inland water transport"
"6110","4499","*","*","Renting boats and ships with operator"
"6120","4449","*","*","except log rafting and intracoastal transportation"
"6120","4482","*","*","Operating ferries on inland waters"
"6120","4489","*","*","Operating swamp buggies and sightseeing boats on inland waters"
"6120","4499","*","*","Renting boats and ships with operator"
"6210","4512",,,
"6220","4522","*","*","except ambulance service"
"6220","4789","*","*","Nongovernment space flight operations"
"6301","4491","*","*","Stevedoring"
"6301","4581","*","*","Handling freight and baggage"
"6301","4789","*","*","Loading and unloading freight cars"
"6302","4221","*",,
"6302","4222","*",,
"6302","4225","*",,
"6302","4226","*",,
"6302","4922","*","*","Natural gas storage"
"6302","7219","*","*","Storage of furs and other garments"
"6303","4013","*","*","Terminals"
"6303","4173","*",,
"6303","4231","*",,
"6303","4491","*","*","Operating piers, docks, and wharves; and cleaning ship holds"
"6303","4492","*",,
"6303","4493","*",,
"6303","4499","*","*","Other including cargo salvaging, lighthouse operation, piloting service, and canals"
"6303","4581","*","*","except handling freight and baggage and cleaning aircraft interiors"
"6303","4741","*","*","Railroad car services including cleaning, cooling, and grain leveling"
"6303","4785","*","*","except marine cargo surveyors and other inspection and weighing services"
"6303","4789","*","*","Pilot car service and holding stockyards"
"6303","4899","*","*","Taxi dispatching"
"6303","7389","*","*","Delivering motor vehicles and ferrying aircraft"
"6303","7521","*",,
"6304","4724","*",,
"6304","4725","*",,
"6304","4729","*",,
"6304","7389","*","*","Hotel reservation service"
"6304","7999","*","*","Tourist guide service"
"6309","4499","*","*","Maintaining shipping registers"
"6309","4731","*",,
"6309","4783","*",,
"6309","4785","*","*","Marine cargo surveying and other cargo inspection and weighing services"
"6411","4311","*",,
"6411","7389","*","*","Mailbox rental and other postal services"
"6412","4215","*",,
"6412","4513","*",,
"6420","4812","*",,
"6420","4813","*",,
"6420","4822","*",,
"6420","4841","*",,
"6420","4899","*","*","except taxi dispatching"
"6420","7389","*","*","Operating switchboards for private branch exchanges"
"6511","6011","*",,
"6511","6019","*",,
"6519","6021","*",,
"6519","6022","*",,
"6519","6029","*",,
"6519","6035","*",,
"6519","6036","*",,
"6519","6061","*",,
"6519","6062","*",,
"6591","6159",,"*","Finance leasing"
"6592","6081","*",,
"6592","6082","*",,
"6592","6111","*",,
"6592","6141","*",,
"6592","6153","*",,
"6592","6159","*","*","except finance leasing"
"6592","6162","*",,
"6599","6091","*",,
"6599","6712","*",,
"6599","6722","*",,
"6599","6726","*",,
"6599","6732","*",,
"6599","6733","*",,
"6599","6792","*",,
"6599","6794","*",,
"6599","6798","*",,
"6599","6799","*",,
"6601","6311",,,
"6602","6371",,"*","Pension"
"6603","6321","*","*","except compulsory government"
"6603","6324","*","*","except compulsory government"
"6603","6331","*",,
"6603","6351","*",,
"6603","6361","*",,
"6603","6371","*","*","except pension"
"6603","6399","*",,
"6711","6231",,,
"6712","6211","*",,
"6712","6221","*",,
"6719","6099","*","*","except safety deposit companies"
"6719","6163","*",,
"6719","6282","*",,
"6719","6289","*",,
"6720","6411","*","*","except fire insurance underwriters' laboratories"
"6720","8999","*","*","Actuarial consulting"
"7010","6512","*",,
"7010","6513","*",,
"7010","6514","*",,
"7010","6515","*",,
"7010","6517","*",,
"7010","6519","*",,
"7010","6552","*",,
"7020","6531",,"*","except cemetery management and buying and selling self-owned property"
"7111","4741","*","*","except railroad car services including cleaning, cooling, and grain leveling"
"7111","7513","*",,
"7111","7514","*",,
"7111","7515","*",,
"7111","7519","*",,
"7111","7999","*","*","Renting motorcycles"
"7112","4499",,"*","Renting commercial boats and ships without operator"
"7113","7359",,"*","Aircraft"
"7121","7359",,"*","Agricultural machinery and equipment"
"7122","7353",,"*","Equipment renting without operator"
"7123","7359","*","*","Office machines other than computers"
"7123","7377","*",,
"7129","7359","*","*","except personal and household goods, aircraft, and agricultural and office machines"
"7129","7819","*","*","Renting motion picture equipment"
"7130","7299","*","*","Renting apparel"
"7130","7352","*",,
"7130","7359","*","*","Renting personal and household appliances, furniture, party supplies, musical instruments, live plants, and televisions"
"7130","7819","*","*","Renting costumes and other studio property"
"7130","7841","*",,
"7130","7922","*","*","Renting costumes and other studio property"
"7130","7999","*","*","Renting sporting goods"
"7130","8231","*","*","Renting books"
"7210","7373","*",,
"7210","7379","*","*","Analyzing hardware requirements"
"7220","7371","*",,
"7220","7372","*","*","Developing and publishing software"
"7230","7374","*",,
"7230","7376","*",,
"7230","7379","*","*","except analyzing hardware requirements and developing data bases"
"7240","7375","*",,
"7240","7379","*","*","Developing data bases"
"7250","7378","*",,
"7250","7629","*","*","Repairing office machines"
"7250","7699","*","*","Repairing typewriters"
"7310","8731","*",,
"7310","8733","*","*","Natural science and engineering research and development"
"7320","8732","*","*","Social sciences and humanities research and development other than market research and public opinion polling"
"7320","8733","*","*","Social sciences and humanities research and development other than market research and public opinion polling"
"7411","6541","*",,
"7411","7389","*","*","Notary, bailiff, patent agent, process serving, and  paralegal services"
"7411","8111","*",,
"7412","7291","*",,
"7412","8721","*",,
"7413","8732","*","*","Market research and public opinion polling"
"7413","8733","*","*","Market research and public opinion polling"
"7414","0762","*",,
"7414","6719","*",,
"7414","7389","*","*","Arbitration and conciliation"
"7414","8299","*","*","Developing educational curricula"
"7414","8741","*","*","except construction management services"
"7414","8742","*",,
"7414","8743","*",,
"7414","8748","*","*","except industrial, city, building, traffic, safety, automation, and ski area planning"
"7414","8999","*","*","Industrial psychologists"
"7421","0781","*","*","Landscape architects"
"7421","1081","*","*","Geophysical exploration"
"7421","1382","*",,
"7421","1481","*","*","Geophysical exploration"
"7421","4499","*","*","Marine surveyors other than cargo"
"7421","7389","*","*","Map making, drafting, and designing tools"
"7421","8711","*",,
"7421","8712","*",,
"7421","8713","*",,
"7421","8741","*","*","Construction management services"
"7421","8748","*","*","Industrial, city, building, traffic, safety, automation, and ski area planning"
"7421","8999","*","*","Scientific and related consulting including environmental"
"7422","6411","*","*","Fire insurance underwriters' laboratories"
"7422","8734","*","*","except environmental and veterinarian"
"7430","7311","*",,
"7430","7312","*",,
"7430","7313","*",,
"7430","7319","*","*","except advertising folding service"
"7430","7336","*",,
"7430","7389","*","*","Window dressing, lettering, sign painting and welcoming service"
"7430","8999","*","*","Writing advertising copy"
"7491","7361","*",,
"7491","7363","*",,
"7492","6099","*","*","Providing safety deposit services"
"7492","7299","*","*","Renting lockers other than food"
"7492","7381","*",,
"7492","7382","*",,
"7492","7389","*","*","Identification engraving"
"7493","1799","*","*","Cleaning newly constructed buildings"
"7493","4581","*","*","Cleaning aircraft interiors"
"7493","7342","*",,
"7493","7349","*",,
"7493","7389","*","*","Cleaning and maintaining swimming pools"
"7493","7699","*","*","Cleaning industrial machinery, chimneys, fireplaces, furnaces, and other heating and ventilation systems"
"7494","7221","*",,
"7494","7299","*","*","Coin-operated photo machine operation"
"7494","7335","*",,
"7494","7384","*",,
"7495","7389",,"*","Labeling and packaging"
"7499","1799","*","*","Gas leak detection"
"7499","7319","*","*","Advertising folding service"
"7499","7322","*",,
"7499","7323","*",,
"7499","7331","*",,
"7499","7334","*",,
"7499","7338","*",,
"7499","7389","*","*","Other including inspection of powerlines and pipelines, auctioneering, convention and trade show services, expositions, commercial diving, inspecting buildings, water conditioning, fashion designing, and telephone soliciting and answering services"
"7499","7922","*","*","Managing entertainers (agents), talent agencies, and costume designing"
"7511","9111","*",,
"7511","9121","*",,
"7511","9131","*",,
"7511","9199","*","*","Indian tribal councils"
"7511","9229","*","*","Criminal justice statistics centers"
"7511","9311","*",,
"7511","9411","*","*","Education statistics centers"
"7511","9431","*","*","Health statistics centers"
"7511","9611","*","*","General economic statistical agencies"
"7512","9199","*","*","Administration of arts and cultural programs"
"7512","9411","*","*","except education statistics centers"
"7512","9431","*","*","except health statistics and occupational safety and health standards"
"7512","9441","*","*","Other social and manpower programs"
"7512","9451","*",,
"7512","9511","*",,
"7512","9512","*","*","Recreation and athletic support programs"
"7512","9531","*",,
"7513","9431","*","*","Occupational safety and health standard services"
"7513","9512","*","*","Conservation and stabilization programs (land, resource, animal)"
"7513","9532","*",,
"7513","9611","*","*","except general economic statistical agencies and export development"
"7513","9621","*","*","except Coast Guard"
"7513","9631","*",,
"7513","9641","*",,
"7513","9651","*",,
"7513","9661","*",,
"7514","9199",,"*","except Indian tribal councils & administration of arts and cultural programs"
"7521","9611","*","*","Export development programs"
"7521","9721","*","*","except the United Nations and other extra-territorial organizations and bodies"
"7522","9229","*","*","Civil defence services"
"7522","9711","*",,
"7523","8322","*","*","Parole and probation offices"
"7523","8999","*","*","Privately operated small claims courts"
"7523","9211","*",,
"7523","9221","*",,
"7523","9223","*",,
"7523","9224","*",,
"7523","9229","*","*","except criminal justice statistics centers & civil defense services"
"7523","9512","*","*","Fishery inspection and protection service"
"7523","9621","*","*","Coast guard"
"7530","6321","*","*","Compulsory government"
"7530","6324","*","*","Compulsory government"
"7530","9441","*","*","Unemployment insurance, family allowance & pension payments services"
"8010","8211",,"*","Kindergartens and elementary schools"
"8021","8211",,"*","except kindegartens and elementary schools and vocational and technical high schools"
"8022","8211",,"*","Vocational and technical high schools"
"8090","7231","*","*","Hairdressing, cosmetology, or beauty culture schools"
"8090","7241","*","*","Barber schools"
"8090","8243","*",,
"8090","8244","*",,
"8090","8249","*",,
"8090","8299","*","*","except curriculum development and guidance counseling other than rehabilitation"
"8511","8062","*",,
"8511","8063","*",,
"8511","8069","*",,
"8512","8011","*",,
"8512","8021","*",,
"8519","4119","*","*","Ambulance service"
"8519","4522","*","*","Ambulance service"
"8519","8031","*",,
"8519","8041","*",,
"8519","8042","*",,
"8519","8043","*",,
"8519","8049","*",,
"8519","8051","*",,
"8519","8052","*",,
"8519","8059","*",,
"8519","8071","*",,
"8519","8082","*",,
"8519","8092","*",,
"8519","8093","*","*","except birth control clinics (family planning) and addiction and alcoholism treatment"
"8519","8099","*","*","except medical artists"
"8519","8734","*","*","Public health laboratory services"
"8520","0741","*",,
"8520","0742","*",,
"8520","0752","*","*","Vaccinating"
"8520","8734","*","*","Veterinary testing laboratories"
"8531","8361",,,
"8532","7299","*","*","Debt counseling"
"8532","8093","*","*","Birth control clinics (family planning) and addiction and alcohol treatment"
"8532","8299","*","*","Guidance and vocational counseling other than rehabilitation"
"8532","8322","*","*","except parole and probation offices"
"8532","8331","*",,
"8532","8351","*",,
"8532","8399","*","*","Fundraising"
"9000","4212","*","*","Garbage collecting and transporting without disposal"
"9000","4952","*",,
"9000","4953","*",,
"9000","4959","*",,
"9000","7389","*","*","Racetrack cleaning other than building cleaning"
"9000","7699","*","*","Cleaning of septic tanks, cesspools, sewers, catch basins, and drain pipes"
"9111","8611","*",,
"9111","8699","*","*","Farm bureaus, farm granges, and unions"
"9112","8621",,,
"9120","8631",,,
"9191","8661",,,
"9192","8651",,,
"9199","8399","*","*","except fundraising"
"9199","8641","*","*","except bars and restaurants owned and operated for members only"
"9199","8699","*","*","except farm organizations, reading rooms and athletic associations"
"9211","7812","*",,
"9211","7819","*","*","except rentals, casting, and reproduction"
"9211","7822","*",,
"9211","7829","*",,
"9212","7832","*",,
"9212","7833","*",,
"9213","4832","*",,
"9213","4833","*",,
"9213","7389","*","*","Piped-in music service"
"9213","7922","*","*","Producing live television programs"
"9214","7819","*","*","Motion picture directors and consultants"
"9214","7922","*","*","Other theatrical services including promotion and arts festivals"
"9214","7929","*",,
"9214","8099","*","*","Medical artists"
"9214","8999","*","*","Other miscellaneous services including artists, lectures, restoring art, animating cartoons, freelance broadcasting, artists' studios, and writing"
"9219","7911","*",,
"9219","7922","*","*","Puppet shows"
"9219","7996","*",,
"9219","7999","*","*","Carnivals, circuses, fairs, travelling shows, shooting galleries, horse shows and rodeos, scenic railways, and staging firewrorks displays"
"9220","7383",,,
"9231","8231","*","*","except rental of books"
"9231","8699","*","*","Religious reading rooms"
"9232","8412",,,
"9233","7999","*","*","Natural wonder tourist attractions, observation towers and caves"
"9233","8422","*",,
"9241","7933","*",,
"9241","7941","*",,
"9241","7948","*",,
"9241","7991","*",,
"9241","7992","*",,
"9241","7997","*","*","except membership bathing beaches"
"9241","7999","*","*","Other including ski lifts, rental of equipment on site for sporting activities, and hunting guides"
"9241","8699","*","*","Regulatory athletic and sports associations"
"9249","7389","*","*","Recording studios and other sound production services"
"9249","7819","*","*","Film casting and employment bureaus"
"9249","7922","*","*","Theatrical employment, booking and casting agencies"
"9249","7993","*",,
"9249","7997","*","*","Private beach clubs including membership bathing beaches"
"9249","7999","*","*","Other including day camps, renting pleasure and fishing boats, fishing guide services, rental of equipment on site for recreational activities, and bathhouses (independently operated), bingo parlors, public bathing beaches, miniature golf courses, riding stables, ""white-water rafting"", and waterslides"
"9249","9512","*","*","Municipal parks and recreation administration"
"9301","7211","*",,
"9301","7212","*",,
"9301","7213","*",,
"9301","7215","*",,
"9301","7216","*",,
"9301","7217","*",,
"9301","7218","*",,
"9301","7219","*","*","except dressmaking service, alterations, and garment repair and storage"
"9301","7251","*","*","Hat cleaning and blocking"
"9302","7231","*","*","except hairdressing, cosmetology, or beauty culture schools"
"9302","7241","*","*","except barber schools"
"9303","6531","*","*","Cemetery management service"
"9303","6553","*",,
"9303","7261","*",,
"9309","7251","*","*","Shoeshine services"
"9309","7299","*","*","Other including weight-control clinics, Turkish baths, massage parlors, hair removing and weaving or replacement, valet parking, and tattoo parlors"
"9309","7389","*","*","Correct time service"
"9309","7999","*","*","Fortune tellers, palmists, phrenologists, and yoga instruction"
"9309","8999","*","*","Home economists and inventors"
"9500","8811",,,
"9900","9721",,"*","The United Nations and other extra-territorial organizations and bodies"
"0112","0191","*","*","Combinations of crops of ISIC 0112"
"0113","0182","*","*","Fruit"
"0113","0191","*","*","Combinations of crops of ISIC 0113"
"0113","2084","*","*","Integrated grape growing and wine manufacturing"
"0121","0291","*","*","Combinations of animals of ISIC 0121"
"0130","0191","*","*","Combination of crops, livestock, and animal specialties (primarily crops)"
"0130","0291","*","*","Combination of crops, livestock, and animal specialties (primarily livestock)"
"1722","2399","*","*","Carpets and rugs made from purchased fabrics"
"2022","2426","*","*","Parquet panels"
"2029","3053","*","*","Cork gaskets and packing"
"2710","3321","*","*","Cast iron pipe and pipe fittings"
"2710","3492","*","*","Ferrous fluid-power pipe fittings"
"2812","3444","*","*","Tanks, vats, bins, and evaporators"
"2899","3469","*","*","Cooking and kitchen utensils including pots and pans"
"2912","3531","*","*","Trailer-mounted concrete pumps"
"2922","7699","*","*","Repairing products of ISIC 2922 other than personal and household but including non-electric welding apparatus"
"3320","3559","*","*","Apparatus for the projection of circuit patterns on sensitized semiconductor materials (photo-mask making machinery)"
"3610","2517","*",,
"3699","3993","*","*","Advertising specialties"
"3710","3341","*","*","Detinning of cans and scrap and recovery of silver from used photographic film and plates"
"5030","5075","*","*","Automotive air conditioners"
"5110","5000","*",,"Agents and brokers who trade on behalf and on the account of others are classified according to major durable merchandise line"
"5110","5100","*",,"Agents and brokers who trade on behalf and on the account of others are classified according to major non-durable merchandise line"
"5122","5159","*","*","Raw sugar and cocoa beans"
"5143","5051","*","*","Nails and railroad track spikes"
"5149","5052","*","*","Crude non-metallic minerals and concentrates"
"5150","5047","*","*","except surgical and orthopedic instruments and supplies"
"5150","5074","*","*","Industrial power boilers"
"5190","5099","*","*","General merchandise"
"5251","5961",,,
"5520","5963","*","*","Mobile food service"
"7010","6531","*","*","Buying and selling of self-owned property"
"7290","7370",,,"This ISIC class, ""Other computer related activities"", has no corresponding U.S. activities"
"7523","9222","*",,
"8030","8221","*",,
"8030","8222","*",,
"8520","0751","*","*","Vaccinating"
"2720","3492","*","*","Nonferrous fluid-power pipe fittings"
"3311","5661","*","*","Integrated manufacture and sale at retail of custom-made orthopedic shoes"
"0121","0219","*",,
"1544","2098","*",,
